Title,arxiv_ids_source,arxiv_ids_gpt4o_mini
Partially Private,"[2210.08674, 2402.02675, 2402.06414, 1512.01274, 2008.06402, 1602.05629, 1912.09789, 1706.10268, 2304.05590]","[1610.05820, 2106.09685]"
SpikeDecoder,"[1706.03762, 2211.01910, 2304.11954, 2302.13939, 2102.04159, 2211.10686]","[1706.03762, 1906.02243]"
T2Vid,"[2303.08774, 2308.12966, 2304.08485, 2306.05424, 2311.18445, 2404.16994, 2406.07476, 2311.08046, 2311.17005, 2311.10122, 2403.18406, 2407.15841, 2410.10441, 1704.04497, 1906.02467, 2405.21075, ]","[]"
Reverse Thinking,"[2205.11916, 2201.11903, 2203.11171, 2305.10601, 2303.11366, 2303.17651, 2210.03629, 2305.14325, 2305.19118, 2307.05300, 2405.06373, 2402.00367, 2309.13007, 2212.09561, 2308.07758, 2308.01825, START WITH HINTON ET AL (inclusive of).]","[]"